{
  "Working Directory" : "\/Users\/rmoreno",
  "Prompt Before Closing 2" : false,
  "Selected Text Color" : {
    "Red Component" : 0,
    "Color Space" : "sRGB",
    "Blue Component" : 0.00080166576663032174,
    "Alpha Component" : 1,
    "Green Component" : 0.99818962812423706
  },
  "Rows" : 50,
  "Ansi 11 Color" : {
    "Green Component" : 0.40717673301696777,
    "Blue Component" : 0.43850564956665039,
    "Red Component" : 0.32436618208885193
  },
  "Use Italic Font" : true,
  "Foreground Color" : {
    "Red Component" : 0.99116915464401245,
    "Color Space" : "sRGB",
    "Blue Component" : 0.99172383546829224,
    "Alpha Component" : 1,
    "Green Component" : 0.99637001752853394
  },
  "Right Option Key Sends" : 0,
  "Character Encoding" : 4,
  "Selection Color" : {
    "Red Component" : 0.072277776896953583,
    "Color Space" : "sRGB",
    "Blue Component" : 0.84644752740859985,
    "Alpha Component" : 1,
    "Green Component" : 0.56283432245254517
  },
  "Blend" : 0.42035632011217949,
  "Mouse Reporting" : true,
  "Cursor Boost" : 0.2040743670886076,
  "Ansi 4 Color" : {
    "Red Component" : 0,
    "Color Space" : "sRGB",
    "Blue Component" : 0.97097557783126831,
    "Alpha Component" : 1,
    "Green Component" : 0.73554819822311401
  },
  "Non-ASCII Anti Aliased" : true,
  "Sync Title" : false,
  "Disable Window Resizing" : true,
  "Description" : "Default",
  "Close Sessions On End" : true,
  "Jobs to Ignore" : [
    "rlogin",
    "ssh",
    "slogin",
    "telnet"
  ],
  "Scrollback Lines" : 1000,
  "Hide After Opening" : false,
  "Flashing Bell" : false,
  "Cursor Guide Color" : {
    "Red Component" : 0.70213186740875244,
    "Color Space" : "sRGB",
    "Blue Component" : 1,
    "Alpha Component" : 0.25,
    "Green Component" : 0.9268307089805603
  },
  "BM Growl" : true,
  "Ansi 3 Color" : {
    "Green Component" : 0.46751424670219421,
    "Blue Component" : 0.023484811186790466,
    "Red Component" : 0.64746475219726562
  },
  "Use Non-ASCII Font" : false,
  "Link Color" : {
    "Red Component" : 0.82108229398727417,
    "Color Space" : "sRGB",
    "Blue Component" : 0.94070416688919067,
    "Alpha Component" : 1,
    "Green Component" : 0.55213403701782227
  },
  "Shortcut" : "",
  "Background Image Location" : "",
  "Bold Color" : {
    "Green Component" : 0.56485837697982788,
    "Blue Component" : 0.56363654136657715,
    "Red Component" : 0.50599193572998047
  },
  "Use Cursor Guide" : false,
  "Unlimited Scrollback" : false,
  "Custom Command" : "No",
  "Keyboard Map" : {
    "0xf700-0x260000" : {
      "Text" : "[1;6A",
      "Action" : 10
    },
    "0x37-0x40000" : {
      "Text" : "0x1f",
      "Action" : 11
    },
    "0x32-0x40000" : {
      "Text" : "0x00",
      "Action" : 11
    },
    "0xf709-0x20000" : {
      "Text" : "[17;2~",
      "Action" : 10
    },
    "0xf70c-0x20000" : {
      "Text" : "[20;2~",
      "Action" : 10
    },
    "0xf729-0x20000" : {
      "Text" : "[1;2H",
      "Action" : 10
    },
    "0xf72b-0x40000" : {
      "Text" : "[1;5F",
      "Action" : 10
    },
    "0xf705-0x20000" : {
      "Text" : "[1;2Q",
      "Action" : 10
    },
    "0xf703-0x260000" : {
      "Text" : "[1;6C",
      "Action" : 10
    },
    "0xf700-0x220000" : {
      "Text" : "[1;2A",
      "Action" : 10
    },
    "0xf701-0x280000" : {
      "Text" : "0x1b 0x1b 0x5b 0x42",
      "Action" : 11
    },
    "0x38-0x40000" : {
      "Text" : "0x7f",
      "Action" : 11
    },
    "0x33-0x40000" : {
      "Text" : "0x1b",
      "Action" : 11
    },
    "0xf703-0x220000" : {
      "Text" : "[1;2C",
      "Action" : 10
    },
    "0xf701-0x240000" : {
      "Text" : "[1;5B",
      "Action" : 10
    },
    "0xf70d-0x20000" : {
      "Text" : "[21;2~",
      "Action" : 10
    },
    "0xf702-0x260000" : {
      "Text" : "[1;6D",
      "Action" : 10
    },
    "0xf729-0x40000" : {
      "Text" : "[1;5H",
      "Action" : 10
    },
    "0xf706-0x20000" : {
      "Text" : "[1;2R",
      "Action" : 10
    },
    "0x34-0x40000" : {
      "Text" : "0x1c",
      "Action" : 11
    },
    "0xf700-0x280000" : {
      "Text" : "0x1b 0x1b 0x5b 0x41",
      "Action" : 11
    },
    "0x2d-0x40000" : {
      "Text" : "0x1f",
      "Action" : 11
    },
    "0xf70e-0x20000" : {
      "Text" : "[23;2~",
      "Action" : 10
    },
    "0xf702-0x220000" : {
      "Text" : "[1;2D",
      "Action" : 10
    },
    "0xf703-0x280000" : {
      "Text" : "0x1b 0x1b 0x5b 0x43",
      "Action" : 11
    },
    "0xf700-0x240000" : {
      "Text" : "[1;5A",
      "Action" : 10
    },
    "0xf707-0x20000" : {
      "Text" : "[1;2S",
      "Action" : 10
    },
    "0xf70a-0x20000" : {
      "Text" : "[18;2~",
      "Action" : 10
    },
    "0x35-0x40000" : {
      "Text" : "0x1d",
      "Action" : 11
    },
    "0xf70f-0x20000" : {
      "Text" : "[24;2~",
      "Action" : 10
    },
    "0xf703-0x240000" : {
      "Text" : "[1;5C",
      "Action" : 10
    },
    "0xf701-0x260000" : {
      "Text" : "[1;6B",
      "Action" : 10
    },
    "0xf702-0x280000" : {
      "Text" : "0x1b 0x1b 0x5b 0x44",
      "Action" : 11
    },
    "0xf72b-0x20000" : {
      "Text" : "[1;2F",
      "Action" : 10
    },
    "0x36-0x40000" : {
      "Text" : "0x1e",
      "Action" : 11
    },
    "0xf708-0x20000" : {
      "Text" : "[15;2~",
      "Action" : 10
    },
    "0xf701-0x220000" : {
      "Text" : "[1;2B",
      "Action" : 10
    },
    "0xf70b-0x20000" : {
      "Text" : "[19;2~",
      "Action" : 10
    },
    "0xf702-0x240000" : {
      "Text" : "[1;5D",
      "Action" : 10
    },
    "0xf704-0x20000" : {
      "Text" : "[1;2P",
      "Action" : 10
    }
  },
  "Ansi 14 Color" : {
    "Green Component" : 0.56485837697982788,
    "Blue Component" : 0.56363654136657715,
    "Red Component" : 0.50599193572998047
  },
  "Ansi 2 Color" : {
    "Red Component" : 0.093159609075925687,
    "Color Space" : "sRGB",
    "Blue Component" : 0.072435142938047647,
    "Alpha Component" : 1,
    "Green Component" : 0.928802490234375
  },
  "Background Image Is Tiled" : false,
  "Send Code When Idle" : false,
  "ASCII Anti Aliased" : true,
  "Tags" : [

  ],
  "Ansi 9 Color" : {
    "Red Component" : 0.92843788862228394,
    "Color Space" : "sRGB",
    "Blue Component" : 0.17038848996162415,
    "Alpha Component" : 1,
    "Green Component" : 0.21203801035881042
  },
  "Use Bold Font" : true,
  "Silence Bell" : false,
  "Ansi 12 Color" : {
    "Green Component" : 0.50962930917739868,
    "Blue Component" : 0.51685798168182373,
    "Red Component" : 0.44058024883270264
  },
  "Window Type" : 6,
  "Use Bright Bold" : true,
  "Cursor Text Color" : {
    "Red Component" : 1,
    "Color Space" : "sRGB",
    "Blue Component" : 0,
    "Alpha Component" : 1,
    "Green Component" : 0.57637232540000005
  },
  "Default Bookmark" : "No",
  "Cursor Color" : {
    "Red Component" : 1,
    "Color Space" : "sRGB",
    "Blue Component" : 0,
    "Alpha Component" : 1,
    "Green Component" : 0.14913141730000001
  },
  "Ansi 1 Color" : {
    "Red Component" : 0.91978687047958374,
    "Color Space" : "sRGB",
    "Blue Component" : 0.96122103929519653,
    "Alpha Component" : 1,
    "Green Component" : 0.063478626310825348
  },
  "Name" : "Rapterm",
  "Blinking Cursor" : true,
  "Guid" : "8B51C998-7A1A-49F6-8949-EC186AA52C8A",
  "Idle Code" : 0,
  "Ansi 10 Color" : {
    "Green Component" : 0.35665956139564514,
    "Blue Component" : 0.38298487663269043,
    "Red Component" : 0.27671992778778076
  },
  "Ansi 8 Color" : {
    "Green Component" : 0.11783610284328461,
    "Blue Component" : 0.15170273184776306,
    "Red Component" : 0
  },
  "Badge Color" : {
    "Red Component" : 1,
    "Color Space" : "sRGB",
    "Blue Component" : 0,
    "Alpha Component" : 0.5,
    "Green Component" : 0.1491314172744751
  },
  "Smart Cursor Color" : false,
  "Ambiguous Double Width" : false,
  "Blur Radius" : 2.7122184327411167,
  "Cursor Type" : 2,
  "Ansi 0 Color" : {
    "Green Component" : 0.15575926005840302,